Espécie,Extinções Totais,Extinções Secundárias,Grau Entrada,Grau Saída,Grau Total,Betweenness,Closeness,PageRank
Tabellaria Fenestrata,3,2,0,21,21,0.0,0.3518,0.0005
Conopeum Tenuissimum,3,2,0,2,2,0.0,0.2978,0.0005
Stenotomus Chrysops,3,2,124,12,136,1323.59,0.4779,0.0018
Cryptomonas Ovata,2,1,0,48,48,0.0,0.3568,0.0005
Mya Arenaria,2,1,0,35,35,0.0,0.4316,0.0005
Mnemiopsis Leidyi,2,1,97,11,108,1961.71,0.4687,0.002
Microciona Prolifera,2,1,0,2,2,0.0,0.3309,0.0005
Bowerbankia Gracilis,2,1,0,1,1,0.0,0.2948,0.0005
Keratella Taurocephala,1,0,3,21,24,22.59,0.416,0.0006
Kelicottia Bostoniensis,1,0,3,17,20,21.28,0.4019,0.0006
Polyarthra Remata,1,0,2,17,19,8.76,0.386,0.0005
Ascomorpha Ecaudis,1,0,3,14,17,79.24,0.3878,0.0006
Conochiloides Unicornis,1,0,2,21,23,9.34,0.4154,0.0005
Ploesoma Truncatum,1,0,2,10,12,7.96,0.3857,0.0005
Dinobryon Sertularia,1,0,0,8,8,0.0,0.3366,0.0005
Diaptomus Minutus,1,0,57,19,76,4651.83,0.4455,0.0051
Polyarthra Vulgaris,1,0,2,16,18,8.62,0.4011,0.0005
Chrysocapsa Planktonica,1,0,0,7,7,0.0,0.3364,0.0005
Trichocerca Similis,1,0,2,7,9,4.2,0.3692,0.0005
Gastropus Stylifer,1,0,3,21,24,22.59,0.416,0.0006
Polyarthra Major,1,0,3,19,22,22.08,0.3989,0.0006
Schroederia Setigera,1,0,0,10,10,0.0,0.3376,0.0005
Trichocerca Multicrinis,1,0,3,14,17,20.4,0.3857,0.0006
Pediastrum Tetras,1,0,0,8,8,0.0,0.3366,0.0005
Bosmina Longirostris,1,0,3,43,46,118.15,0.4661,0.0006
Keratella Crassa,1,0,2,18,20,8.9,0.4145,0.0005
Ploesoma Hudsoni,1,0,1,4,5,1.03,0.3634,0.0005
Chydorus Sphaericus,1,0,3,16,19,22.16,0.4017,0.0006
Holopedium Gibberum,1,0,54,14,68,417.75,0.432,0.0044
Arthrodesmus Incus,1,0,0,8,8,0.0,0.3368,0.0005
Arthrodesmus Subulatus,1,0,0,2,2,0.0,0.3101,0.0005
Scenedesmus Dimorphus,1,0,0,2,2,0.0,0.3101,0.0005
Scenedesmus Quadricauda,1,0,0,8,8,0.0,0.3368,0.0005
Ceriodaphnia Quadrangula,1,0,2,34,36,35.44,0.4438,0.0005
Merismopedia Punctata,1,0,0,5,5,0.0,0.3356,0.0005
Diaphanosoma Birgei,1,0,2,14,16,1.82,0.4025,0.0005
Ophryoxus Gracilis,1,0,0,3,3,0.0,0.3618,0.0005
Tropocyclops Prasinus,1,0,58,21,79,246.07,0.4461,0.0037
Cyclops Vernalis,1,0,97,118,215,5341.3,0.5478,0.0036
Salvelinus Fontinalis,1,0,15,3,18,290.04,0.3989,0.0197
Alona Affinis,1,0,0,27,27,0.0,0.4371,0.0005
Chydorus Bicornutus,1,0,1,6,7,9.48,0.365,0.0005
Ictalurus Nebulosus,1,0,0,8,8,0.0,0.3164,0.0005
Epishura Lacustris,1,0,38,13,51,55.63,0.4148,0.0019
Notemigonus Crysoleucas,1,0,58,7,65,236.61,0.4039,0.0046
Peridinium Inconspicuum,1,0,0,12,12,0.0,0.379,0.0005
Peridinium Limbatum,1,0,0,8,8,0.0,0.363,0.0005
Peridinium Wisconsinense,1,0,0,12,12,0.0,0.379,0.0005
Synura Uvella,1,0,0,4,4,0.0,0.3352,0.0005
Uroglenopsis Americana,1,0,0,4,4,0.0,0.3352,0.0005
Cryptomonas Erosa,1,0,0,48,48,0.0,0.3568,0.0005
Sphaerocystis Schroeteri,1,0,0,10,10,0.0,0.3376,0.0005
Daphnia Catawba,1,0,48,13,61,277.83,0.4278,0.0034
Ilyocryptus Spinifer,1,0,1,24,25,13.56,0.4285,0.0005
Tetraedron Minimum,1,0,0,8,8,0.0,0.3368,0.0005
Mallomonas Akrokomos,1,0,0,4,4,0.0,0.3352,0.0005
Monostyla Lunaris,1,0,2,11,13,8.15,0.3708,0.0005
Acantholeberis Curvirostris,1,0,2,7,9,24.15,0.3643,0.0005
Daphnia Pulex,1,0,32,27,59,1421.88,0.4552,0.0023
Cyclotella Glomerata,1,0,0,7,7,0.0,0.3364,0.0005
Ankistrodesmus Spiralis,1,0,0,7,7,0.0,0.3364,0.0005
Merismopedia Tenuissima,1,0,0,10,10,0.0,0.3376,0.0005
Beauchampiella Eudactylota,1,0,2,5,7,3.89,0.3648,0.0005
Chroococcus Limneticus,1,0,0,10,10,0.0,0.3376,0.0005
Chrosomus Eos,1,0,52,2,54,35.43,0.3949,0.0035
Semotilus Atromaculatus,1,0,62,6,68,207.33,0.4036,0.0045
Mesocyclops Edax,1,0,102,118,220,5723.85,0.5504,0.0038
Ceratium Carolinianum,1,0,0,7,7,0.0,0.3692,0.0005
Kelicottia Longispina,1,0,2,20,22,9.24,0.4151,0.0005
Gymnodinium Palustre,1,0,0,13,13,0.0,0.3795,0.0005
Trichocerca Cylindrica,1,0,2,18,20,7.29,0.3981,0.0005
Dinobryon Bavaricum,1,0,0,10,10,0.0,0.3376,0.0005
Quadrigula Closterioides,1,0,0,7,7,0.0,0.3364,0.0005
Tetraedron Caudatum,1,0,0,9,9,0.0,0.3372,0.0005
Conochiloides Dossuarius,1,0,3,21,24,22.59,0.416,0.0006
Kirchneriella Lunaris,1,0,0,3,3,0.0,0.3105,0.0005
Elakatrothrix Gelatinosa,1,0,0,10,10,0.0,0.3376,0.0005
Scenedesmus Longus,1,0,0,5,5,0.0,0.3356,0.0005
Crucigenia Tetrapaedia,1,0,0,10,10,0.0,0.3376,0.0005
Rhabdoderma Lineare,1,0,0,5,5,0.0,0.3111,0.0005
Botryococcus Braunii,1,0,0,10,10,0.0,0.3376,0.0005
Ankistrodesmus Falcatus,1,0,0,9,9,0.0,0.3372,0.0005
Leptodora Kindtii,1,0,111,37,148,4247.06,0.52,0.0037
Salmo Rutta,1,0,10,2,12,0.0,0.3237,0.0155
Catostomus Commersoni,1,0,0,8,8,0.0,0.2963,0.0005
Lepomis Gibbosus,1,0,52,11,63,594.14,0.4441,0.004
Keratella Cochlearis,1,0,2,20,22,9.27,0.4151,0.0005
Keratella Testudo,1,0,2,10,12,6.23,0.3965,0.0005
Daphnia Longiremis,1,0,36,11,47,132.28,0.4201,0.0022
Spondylosium Planum,1,0,0,8,8,0.0,0.3366,0.0005
Chrysosphaerella Longispina,1,0,0,9,9,0.0,0.337,0.0005
Dictyosphaerium Pulchellum,1,0,0,9,9,0.0,0.337,0.0005
Polyarthra Euryptera,1,0,2,19,21,7.38,0.3984,0.0005
Crucigenia Quadrata,1,0,0,9,9,0.0,0.3372,0.0005
Colletheca Mutabilis,1,0,3,21,24,22.59,0.416,0.0006
Salvelinus Namaycush,1,0,20,5,25,82.04,0.3736,0.0356
Salvelinus Fontinalis Small,1,0,15,4,19,108.39,0.3941,0.0307
Salvelinus Fontinalis Large,1,0,15,4,19,108.39,0.3941,0.0307
Asterionella Formosa,1,0,0,15,15,0.0,0.3499,0.0005
Alona Costata,1,0,5,32,37,323.81,0.4424,0.0007
Trichocerca Pusilla,1,0,2,15,17,8.7,0.3888,0.0005
Rhizosolenia Eriensis,1,0,0,7,7,0.0,0.3362,0.0005
Daphnia Dubia,1,0,25,5,30,36.6,0.38,0.0016
Daphnia Retrocurva,1,0,32,29,61,1349.53,0.4555,0.0019
Crucigenia Crucifera,1,0,0,7,7,0.0,0.3364,0.0005
Crucigenia Rectangularis,1,0,0,9,9,0.0,0.3372,0.0005
Anacystis Incerta,1,0,0,7,7,0.0,0.3362,0.0005
Luxilus Cornutus,1,0,127,5,132,391.33,0.4545,0.0042
Trichotria Tetractis,1,0,2,11,13,4.66,0.3842,0.0005
Diaptomus Leptopus,1,0,24,7,31,753.65,0.3751,0.0016
Alona Quadrangularis,1,0,2,6,8,22.8,0.3641,0.0005
Conochiloides Hippocrepis,1,0,2,4,6,2.07,0.3657,0.0005
Perca Flavescens,1,0,47,7,54,199.62,0.4157,0.0042
Keratella Serrulata,1,0,2,11,13,4.66,0.3842,0.0005
Coelastrum Cambricum,1,0,0,4,4,0.0,0.3108,0.0005
Diaptomus Sicilis,1,0,28,11,39,1014.15,0.3906,0.0018
Daphnia Ambigua,1,0,2,14,16,4.93,0.4003,0.0005
Daphnia Parvula,1,0,2,11,13,4.66,0.3842,0.0005
Eucyclops Agilis,1,0,88,111,199,4176.79,0.5402,0.0028
Ambloplites Rupestris,1,0,24,0,24,0.0,0.3837,0.002
Fragilaria Crotonensis,1,0,0,9,9,0.0,0.3472,0.0005
Daphnia Galeata,1,0,31,11,42,115.66,0.4171,0.002
Tabellaria Flocculosa,1,0,0,14,14,0.0,0.3495,0.0005
Fundulus Diaphanus,1,0,188,3,191,1175.5,0.5271,0.0049
Pimephales Notatus,1,0,0,6,6,0.0,0.2993,0.0005
Peridinium Cinctum,1,0,0,9,9,0.0,0.3701,0.0005
Cyclops Scutifer,1,0,36,13,49,15.29,0.4229,0.0022
Cyclops Bicuspidatus,1,0,78,111,189,2614.39,0.5353,0.0024
Polyphemus Pediculus,1,0,5,2,7,0.54,0.3413,0.0011
Acroperus Harpae,1,0,2,3,5,11.65,0.3632,0.0005
Alona Rectangula,1,0,4,5,9,79.26,0.3678,0.0007
Dinobryon Divergens,1,0,0,6,6,0.0,0.336,0.0005
Sida Crystallina,1,0,3,23,26,108.74,0.43,0.0008
Xanthidium Armatum,1,0,0,1,1,0.0,0.3083,0.0005
Fragilaria Intermedia,1,0,0,2,2,0.0,0.3337,0.0005
Staurastrum Megacanthum,1,0,0,4,4,0.0,0.313,0.0005
Arthrodesmus Octocornis,1,0,0,2,2,0.0,0.3101,0.0005
Scenedesmus Serratus,1,0,0,2,2,0.0,0.3101,0.0005
Synedra Nana,1,0,0,6,6,0.0,0.3468,0.0005
Gastropus Hyptopus,1,0,2,12,14,4.66,0.3837,0.0005
Coelosphaerium Pallidum,1,0,0,5,5,0.0,0.3111,0.0005
Anabaena Flos-Aquae,1,0,0,6,6,0.0,0.336,0.0005
Coregonus Clupeaformis,1,0,24,3,27,52.88,0.3893,0.0023
Micropterus Salmoides,1,0,13,5,18,503.82,0.3544,0.019
Prosopium Cylindraceum,1,0,0,3,3,0.0,0.2733,0.0005
Micropterus Dolomieui,1,0,13,3,16,0.0,0.3529,0.019
Coregonus Artedii,1,0,24,3,27,52.88,0.3893,0.0023
Semotilus Corporalis,1,0,88,6,94,1458.0,0.4949,0.0035
Osmerus Mordax,1,0,28,5,33,89.92,0.3941,0.0025
Rhinichthys Atratulus,1,0,8,5,13,22.26,0.3167,0.0009
Oncorhynchus Mykiss,1,0,8,3,11,0.0,0.3589,0.0217
Chlamydomonas Sp.,1,0,0,12,12,0.0,0.3413,0.0005
Lepadella Cristata,1,0,2,3,5,2.21,0.3641,0.0005
Euchlanis Calpidia,1,0,3,3,6,17.93,0.3645,0.0006
Euglena Acus,1,0,0,5,5,0.0,0.3113,0.0005
Synedra Ulna,1,0,0,7,7,0.0,0.347,0.0005
Euchlanis Triquetra,1,0,2,12,14,4.77,0.3785,0.0005
Pimephales Promelas,1,0,29,3,32,36.26,0.3927,0.0023
Scenedesmus Arcuatus,1,0,0,3,3,0.0,0.3349,0.0005
Lecane Mira,1,0,2,1,3,0.14,0.2966,0.0005
Rhabdoderma Gorksii,1,0,0,4,4,0.0,0.3108,0.0005
Trichocerca Porcellus,1,0,2,6,8,3.99,0.3724,0.0005
Lepadella Triptera,1,0,2,0,2,0.0,0.2635,0.0005
Loligo Pealei,1,0,0,34,34,0.0,0.4398,0.0005
Limulus Polyphemus,1,0,92,30,122,3345.99,0.4691,0.0021
Lolliguncula Brevis,1,0,0,29,29,0.0,0.4345,0.0005
Illex Illecebrosus,1,0,0,28,28,0.0,0.4294,0.0005
Acteocina Canaliculata,1,0,0,24,24,0.0,0.4192,0.0005
Acteon Punctostriatus,1,0,50,23,73,192.33,0.4613,0.0009
Bittiolum Varium,1,0,0,26,26,0.0,0.4217,0.0005
Chaetopleura Apiculata,1,0,0,23,23,0.0,0.4171,0.0005
Clione Limacina,1,0,51,24,75,193.33,0.462,0.001
Cratena Pilata,1,0,11,23,34,5222.35,0.4263,0.0038
Crepidula Convexa,1,0,1,26,27,49.62,0.4201,0.0007
Crepidula Fornicata,1,0,50,24,74,210.1,0.4628,0.0009
Doridella Obscura,1,0,1,25,26,48.38,0.4214,0.0007
Doris Verrucosa,1,0,1,23,24,96.0,0.4177,0.0007
Elysia Chlorotica,1,0,0,23,23,0.0,0.4171,0.0005
Elysia Catula,1,0,0,23,23,0.0,0.4171,0.0005
Epitonium Rupicola,1,0,51,23,74,192.33,0.4617,0.001
Haminoea Solitaria,1,0,50,23,73,192.33,0.4613,0.0009
Hermaea Cruciata,1,0,50,23,73,192.33,0.4613,0.0009
Limacina Helicina,1,0,51,26,77,192.33,0.462,0.001
Littorina Irrorata,1,0,0,24,24,0.0,0.4192,0.0005
Mitrella Lunata,1,0,0,23,23,0.0,0.4171,0.0005
Nassarius Vibex,1,0,35,26,61,236.99,0.4388,0.0009
Neverita Duplicata,1,0,1,25,26,3.0,0.4223,0.0005
Polycerella Conyma,1,0,1,23,24,98.0,0.4177,0.0009
Japonactaeon Punctostriatus,1,0,35,23,58,218.74,0.4342,0.0009
Stiliger Fuscatus,1,0,0,23,23,0.0,0.4171,0.0005
Urosalpinx Cinerea,1,0,7,24,31,404.42,0.4229,0.0009
Aequipecten Irradians,1,0,0,30,30,0.0,0.4238,0.0005
Anadara Ovalis,1,0,0,29,29,0.0,0.4232,0.0005
Anadara Transversa,1,0,0,29,29,0.0,0.4235,0.0005
Anomia Simplex,1,0,0,31,31,0.0,0.425,0.0005
Bankia Gouldi,1,0,0,29,29,0.0,0.4235,0.0005
Brachidontes Recurvus,1,0,0,29,29,0.0,0.4235,0.0005
Crassostrea Virginica,1,0,0,30,30,0.0,0.4244,0.0005
Crassostrea Ariakensis,1,0,0,31,31,0.0,0.425,0.0005
Dreissena Polymorpha,1,0,0,29,29,0.0,0.4235,0.0005
Ensis Directus,1,0,0,37,37,0.0,0.4352,0.0005
Gemma Gemma,1,0,0,33,33,0.0,0.4297,0.0005
Geukensia Demissa,1,0,0,29,29,0.0,0.4235,0.0005
Ischadium Recurvum,1,0,0,30,30,0.0,0.4241,0.0005
Macoma Balthica,1,0,0,31,31,0.0,0.4263,0.0005
Macoma Tenta,1,0,0,30,30,0.0,0.425,0.0005
Macoma Phenax,1,0,0,30,30,0.0,0.425,0.0005
Macoma Mitchelli,1,0,0,30,30,0.0,0.425,0.0005
Mercenaria Mercenaria,1,0,0,30,30,0.0,0.4247,0.0005
Mulinia Lateralis,1,0,0,31,31,0.0,0.4257,0.0005
Mytilopsis Leucophaeata,1,0,0,29,29,0.0,0.4235,0.0005
Mytilus Edulis,1,0,0,35,35,0.0,0.4358,0.0005
Noetia Ponderosa,1,0,0,29,29,0.0,0.4235,0.0005
Nucula Proxima,1,0,0,33,33,0.0,0.4278,0.0005
Pandora Gouldiana,1,0,0,30,30,0.0,0.4247,0.0005
Petricola Pholadiformis,1,0,0,29,29,0.0,0.4235,0.0005
Solemya Velum,1,0,0,29,29,0.0,0.4235,0.0005
Spisula Solidissima,1,0,0,33,33,0.0,0.4348,0.0005
Tagelus Plebius,1,0,0,30,30,0.0,0.4244,0.0005
Tellina Agilis,1,0,0,31,31,0.0,0.426,0.0005
Chaetopterus Variopedatus,1,0,0,38,38,0.0,0.4269,0.0005
Clymenella Torquata,1,0,0,38,38,0.0,0.4257,0.0005
Eteone Lactea,1,0,0,37,37,0.0,0.425,0.0005
Eteone Heteropoda,1,0,0,39,39,0.0,0.426,0.0005
Eumida Sanguinea,1,0,0,37,37,0.0,0.425,0.0005
Glycera Dibranchiata,1,0,0,39,39,0.0,0.4275,0.0005
Glycinde Solitaria,1,0,0,38,38,0.0,0.4257,0.0005
Haploscoloplos Fragilis,1,0,0,37,37,0.0,0.425,0.0005
Heteromastus Filiformis,1,0,0,39,39,0.0,0.426,0.0005
Laeonereis Culveri,1,0,0,37,37,0.0,0.425,0.0005
Loimia Medusa,1,0,0,38,38,0.0,0.4257,0.0005
Lumbrineris Fragilis,1,0,0,38,38,0.0,0.4257,0.0005
Marenzelleria Viridis,1,0,0,38,38,0.0,0.4257,0.0005
Nephtys Incisa,1,0,0,38,38,0.0,0.4257,0.0005
Nereis Succinea,1,0,0,46,46,0.0,0.4368,0.0005
Paranaitis Speciosa,1,0,0,37,37,0.0,0.425,0.0005
Paraprionospio Pinnata,1,0,0,37,37,0.0,0.425,0.0005
Pectinaria Gouldii,1,0,0,39,39,0.0,0.4282,0.0005
Pherusa Affinis,1,0,0,38,38,0.0,0.4257,0.0005
Phyllodoce Fragilis,1,0,0,37,37,0.0,0.425,0.0005
Polydora Aggregata,1,0,0,37,37,0.0,0.425,0.0005
Polydora Ligni,1,0,0,37,37,0.0,0.425,0.0005
Polydora Cornuta,1,0,0,38,38,0.0,0.4257,0.0005
Praxillella Praetermissa,1,0,0,38,38,0.0,0.4257,0.0005
Pseudoeurythoe Paucibranchiata,1,0,0,37,37,0.0,0.425,0.0005
Sabaco Elongatus,1,0,0,38,38,0.0,0.4257,0.0005
Sabellaria Vulgaris,1,0,0,37,37,0.0,0.425,0.0005
Scolecolepides Viridis,1,0,0,38,38,0.0,0.4257,0.0005
Scolelepis Squamata,1,0,0,37,37,0.0,0.425,0.0005
Scoloplos Robustus,1,0,0,38,38,0.0,0.4257,0.0005
Sigambra Tentaculata,1,0,0,38,38,0.0,0.4257,0.0005
Spio Setosa,1,0,0,37,37,0.0,0.425,0.0005
Spiochaetopterus Oculatus,1,0,0,37,37,0.0,0.425,0.0005
Spiophanes Bombyx,1,0,0,37,37,0.0,0.425,0.0005
Streblospio Benedicti,1,0,0,39,39,0.0,0.4263,0.0005
Cancer Irroratus,1,0,125,31,156,944.64,0.4979,0.003
Pagurus Annulipes,1,0,0,30,30,0.0,0.425,0.0005
Panopeus Herbsti,1,0,0,30,30,0.0,0.4263,0.0005
Pagurus Pollicaris,1,0,0,29,29,0.0,0.4241,0.0005
Upogebia Affinis,1,0,0,31,31,0.0,0.4257,0.0005
Palaemonetes Pugio,1,0,86,42,128,1021.86,0.5114,0.0015
Palaemonetes Intermedius,1,0,86,39,125,694.08,0.5074,0.0015
Palaemonetes Vulgaris,1,0,86,44,130,878.75,0.5114,0.0015
Ovalipes Ocellatus,1,0,125,34,159,1010.04,0.4996,0.0026
Callinectes Similis,1,0,0,31,31,0.0,0.4348,0.0005
Pagurus Longicarpus,1,0,0,28,28,0.0,0.4232,0.0005
Squilla Empusa,1,0,0,36,36,0.0,0.4342,0.0005
Sesarma Reticulatum,1,0,0,29,29,0.0,0.4238,0.0005
Uca Pugnax,1,0,0,30,30,0.0,0.4257,0.0005
Uca Minax,1,0,0,29,29,0.0,0.425,0.0005
Uca Pugilator,1,0,0,29,29,0.0,0.425,0.0005
Crangon Septemspinosa,1,0,0,28,28,0.0,0.4232,0.0005
Callinectes Sapidus,1,0,73,41,114,992.3,0.4883,0.0015
Rhithropanopeus Harrisii,1,0,0,30,30,0.0,0.4313,0.0005
Ampelisca Verrilli,1,0,0,52,52,0.0,0.4606,0.0005
Ampelisca Vadorum,1,0,0,50,50,0.0,0.458,0.0005
Ampithoe Longimana,1,0,0,49,49,0.0,0.457,0.0005
Batea Catharinensis,1,0,0,49,49,0.0,0.457,0.0005
Caprella Penantis,1,0,50,49,99,1085.11,0.4912,0.0009
Cerapus Tubularis,1,0,0,49,49,0.0,0.457,0.0005
Corophium Tuberculatum,1,0,0,49,49,0.0,0.457,0.0005
Cymadusa Compta,1,0,0,49,49,0.0,0.457,0.0005
Elasmopus Levis,1,0,0,49,49,0.0,0.457,0.0005
Gammarus Mucronatus,1,0,0,53,53,0.0,0.4595,0.0005
Jassa Falcata,1,0,0,49,49,0.0,0.457,0.0005
Melita Appendiculata,1,0,0,49,49,0.0,0.457,0.0005
Rudilemboides Naglei,1,0,0,49,49,0.0,0.457,0.0005
Stenothoe Minuta,1,0,0,51,51,0.0,0.458,0.0005
Pleusymtes Glaber,1,0,0,51,51,0.0,0.458,0.0005
Mysidopsis Bigelowi,1,0,76,35,111,1028.19,0.521,0.0016
Apocorophium Lacustre,1,0,0,51,51,0.0,0.4584,0.0005
Monocorophium Insidiosum,1,0,0,49,49,0.0,0.457,0.0005
Gammarus Fasciatus,1,0,0,52,52,0.0,0.4588,0.0005
Gammarus Daiberi,1,0,0,53,53,0.0,0.4595,0.0005
Gammarus Tigrinus,1,0,0,52,52,0.0,0.4588,0.0005
Hyalella Azteca,1,0,0,51,51,0.0,0.4624,0.0005
Lembos Smithi,1,0,0,50,50,0.0,0.458,0.0005
Lepidactylus Dytiscus,1,0,0,49,49,0.0,0.457,0.0005
Leptocheirus Plumulosus,1,0,0,51,51,0.0,0.458,0.0005
Marinogammarus Stoerensis,1,0,0,50,50,0.0,0.458,0.0005
Melita Nitida,1,0,0,50,50,0.0,0.458,0.0005
Microprotopus Raneyi,1,0,0,49,49,0.0,0.457,0.0005
Monoculodes Edwardsi,1,0,0,50,50,0.0,0.4577,0.0005
Paracaprella Tenuis,1,0,0,49,49,0.0,0.457,0.0005
Photis Reinhardi,1,0,0,50,50,0.0,0.458,0.0005
Podoceropsis Nitida,1,0,0,50,50,0.0,0.458,0.0005
Siphonoecetes Smithianus,1,0,0,51,51,0.0,0.458,0.0005
Unciola Irrorata,1,0,0,50,50,0.0,0.458,0.0005
Acetes Americanus,1,0,0,130,130,0.0,0.5127,0.0005
Alpheus Heterochaelis,1,0,0,29,29,0.0,0.425,0.0005
Alpheus Normanni,1,0,0,29,29,0.0,0.425,0.0005
Arenaeus Cribrarius,1,0,0,29,29,0.0,0.4272,0.0005
Emerita Talpoida,1,0,0,29,29,0.0,0.425,0.0005
Euceramus Praelongus,1,0,0,29,29,0.0,0.425,0.0005
Eurypanopeus Depressus,1,0,0,29,29,0.0,0.425,0.0005
Hexapanopeus Angustifrons,1,0,0,29,29,0.0,0.425,0.0005
Hippolyte Pleuracantha,1,0,0,29,29,0.0,0.425,0.0005
Lepidopa Websteri,1,0,0,29,29,0.0,0.425,0.0005
Libinia Emarginata,1,0,0,29,29,0.0,0.4244,0.0005
Lucifer Faxoni,1,0,0,28,28,0.0,0.4232,0.0005
Lysmata Wurdemanni,1,0,0,28,28,0.0,0.4232,0.0005
Macrobrachium Ohione,1,0,0,28,28,0.0,0.4232,0.0005
Naushonia Crangonoides,1,0,0,28,28,0.0,0.4232,0.0005
Dyspanopeus Sayi,1,0,0,29,29,0.0,0.4269,0.0005
Dyspanopeus Texanus,1,0,0,30,30,0.0,0.4269,0.0005
Ogyrides Limicola,1,0,0,29,29,0.0,0.425,0.0005
Penaeus Aztecus,1,0,0,29,29,0.0,0.425,0.0005
Pinnixa Chaetopterana,1,0,0,28,28,0.0,0.4232,0.0005
Pinnotheres Maculatus,1,0,0,28,28,0.0,0.4232,0.0005
Polyonyx Gibbesi,1,0,0,28,28,0.0,0.4232,0.0005
Portunus Gibbesii,1,0,0,31,31,0.0,0.4263,0.0005
Rhithropanopeus Hermandii,1,0,0,28,28,0.0,0.4232,0.0005
Bowmaniella Dissimilis,1,0,76,34,110,1006.36,0.5168,0.0016
Heteromysis Formosa,1,0,76,34,110,1006.36,0.5168,0.0016
Neomysis Americana,1,0,76,38,114,1285.97,0.5242,0.0016
Arctica Islandica,1,0,0,2,2,0.0,0.3335,0.0005
Yoldia Limatula,1,0,0,2,2,0.0,0.3335,0.0005
Pitar Morrhuanus,1,0,0,3,3,0.0,0.3347,0.0005
Cerastoderma Pinnulatum,1,0,0,2,2,0.0,0.3335,0.0005
Centropages Hamatus,1,0,50,106,156,8.37,0.4908,0.0009
Centropages Furcatus,1,0,50,106,156,8.37,0.4908,0.0009
Eucalanus Pileatus,1,0,50,106,156,8.37,0.4908,0.0009
Eurytemora Affinis,1,0,50,106,156,8.37,0.4908,0.0009
Eurytemora Americana,1,0,50,106,156,8.37,0.4908,0.0009
Labidocera Aestiva,1,0,50,107,157,26.14,0.4924,0.0009
Labidocera Wollastoni,1,0,50,106,156,8.37,0.4908,0.0009
Paracalanus Crassirostris,1,0,50,106,156,8.37,0.4908,0.0009
Paracalanus Indicus,1,0,50,106,156,8.37,0.4908,0.0009
Pontella Meadi,1,0,50,106,156,8.37,0.4908,0.0009
Pontella Pennata,1,0,50,106,156,8.37,0.4908,0.0009
Pseudodiaptomus Coronatus,1,0,50,108,158,32.6,0.4928,0.0009
Rhincalanus Nasutus,1,0,50,107,157,14.83,0.4912,0.0009
Temora Longicornis,1,0,50,109,159,43.13,0.4941,0.0009
Temora Turbinata,1,0,50,107,157,14.83,0.4912,0.0009
Temora Stylifera,1,0,50,107,157,14.83,0.4912,0.0009
Acanthocyclops Vernalis,1,0,50,105,155,0.0,0.4903,0.0009
Halicyclops Magniceps,1,0,50,105,155,0.0,0.4903,0.0009
Paracyclops Fibriatus,1,0,50,105,155,0.0,0.4903,0.0009
Alteutha Depressa,1,0,50,106,156,3.37,0.4924,0.0009
Ectinosoma Compressum,1,0,50,106,156,3.37,0.4924,0.0009
Euterpina Acutifrons,1,0,50,106,156,3.37,0.4924,0.0009
Harpacticus Gracilis,1,0,50,106,156,3.37,0.4924,0.0009
Harpacticus Chelifer,1,0,50,106,156,3.37,0.4924,0.0009
Scottolana Canadensis,1,0,50,106,156,3.37,0.4924,0.0009
Tisbe Furcata,1,0,50,107,157,9.84,0.4928,0.0009
Corycaeus Venustus,1,0,50,105,155,0.0,0.4903,0.0009
Corycaeus Amazonicus,1,0,50,105,155,0.0,0.4903,0.0009
Corycaeus Speciosus,1,0,50,105,155,0.0,0.4903,0.0009
Farranula Gracilis,1,0,50,105,155,0.0,0.4903,0.0009
Acartia Tonsa,1,0,50,111,161,291.21,0.4937,0.0009
Acartia Hudsonica,1,0,50,108,158,36.67,0.4937,0.0009
Oithona Colcarva,1,0,50,105,155,0.0,0.4903,0.0009
Metridia Princeps,1,0,50,106,156,8.37,0.4908,0.0009
Tortanus Discaudatus,1,0,50,106,156,8.37,0.4908,0.0009
Diacyclops Thomasi,1,0,50,105,155,0.0,0.4903,0.0009
Ectocyclops Phaleratus,1,0,50,105,155,0.0,0.4903,0.0009
Canuella Elongata,1,0,50,106,156,3.37,0.4924,0.0009
Clytemnestra Rostrata,1,0,50,106,156,3.37,0.4924,0.0009
Diosaccus Tenuicornis,1,0,50,106,156,3.37,0.4924,0.0009
Paralaophonte Brevirostris,1,0,50,106,156,3.37,0.4924,0.0009
Robertsonia Chesapeakensis,1,0,50,106,156,3.37,0.4924,0.0009
Zausodes Arenicolus,1,0,50,106,156,3.37,0.4924,0.0009
Ergasilus Versicolor,1,0,50,105,155,0.0,0.4903,0.0009
Myicola Major,1,0,50,105,155,0.0,0.4903,0.0009
Edwardsia Elegans,1,0,50,6,56,31.85,0.422,0.0009
Micrura Leidyi,1,0,0,6,6,0.0,0.3609,0.0005
Carinoma Tremaphorus,1,0,0,6,6,0.0,0.3609,0.0005
Ceriodaphnia Lacustris,1,0,0,21,21,0.0,0.4192,0.0005
Daphnia Lumholtzi,1,0,0,23,23,0.0,0.4211,0.0005
Diaphanosoma Brachyurum,1,0,0,22,22,0.0,0.4269,0.0005
Diaphanosoma Leuchtenbergia,1,0,0,21,21,0.0,0.4192,0.0005
Eubosmina Coregoni,1,0,0,21,21,0.0,0.4192,0.0005
Eubosmina Longispina,1,0,0,21,21,0.0,0.4192,0.0005
Lathonura Rectirostris,1,0,0,21,21,0.0,0.4192,0.0005
Latona Setifera,1,0,0,21,21,0.0,0.4192,0.0005
Monospilus Dispar,1,0,0,21,21,0.0,0.4192,0.0005
Pleuroxus Striatus,1,0,0,21,21,0.0,0.4192,0.0005
Podon Polyphemoides,1,0,0,22,22,0.0,0.4201,0.0005
Scapholeberis Kingi,1,0,0,21,21,0.0,0.4192,0.0005
Camptocercus Rectirostris,1,0,0,21,21,0.0,0.4192,0.0005
Leydigia Quadrangularis,1,0,0,21,21,0.0,0.4192,0.0005
Penilia Avirostris,1,0,0,21,21,0.0,0.4192,0.0005
Podon Intermedius,1,0,0,22,22,0.0,0.4201,0.0005
Simocephalus Sp.,1,0,0,21,21,0.0,0.4192,0.0005
Anchoa Mitchilli,1,0,77,18,95,7531.63,0.4428,0.0016
Aegathoa Medialis,1,0,2,20,22,9517.16,0.4075,0.0052
Morone Saxatilis,1,0,129,4,133,9693.75,0.4974,0.0217
Ilyanassa Trivittata,1,0,0,2,2,0.0,0.3345,0.0005
Malaclemys Terrapin,1,0,98,0,98,0.0,0.4421,0.0029
Limnoria Lignorum,1,0,0,19,19,0.0,0.3997,0.0005
Balanus Balanus,1,0,0,7,7,0.0,0.3503,0.0005
Balanus Eburneus,1,0,0,7,7,0.0,0.3503,0.0005
Chiridotea Almyra,1,0,0,20,20,0.0,0.4056,0.0005
Cyathura Polita,1,0,0,20,20,0.0,0.4056,0.0005
Balanus Subalbius,1,0,0,7,7,0.0,0.3503,0.0005
Chiridotea Coeca,1,0,0,19,19,0.0,0.3997,0.0005
Edotea Triloba,1,0,0,22,22,0.0,0.4118,0.0005
Idotea Balthica,1,0,0,21,21,0.0,0.4073,0.0005
Sphaeroma Quadridentatum,1,0,0,21,21,0.0,0.4075,0.0005
Aurelia Aurita,1,0,78,5,83,319.62,0.4631,0.0018
Siliqua Costata,1,0,0,1,1,0.0,0.3067,0.0005
Beroe Ovata,1,0,1,4,5,0.0,0.3736,0.0007
Ceriantheopsis Americanus,1,0,0,4,4,0.0,0.3645,0.0005
Chrysaora Quinquecirrha,1,0,78,3,81,716.91,0.4602,0.0018
Cyanea Capillata,1,0,65,5,70,1120.42,0.4545,0.0025
Diadumene Leucolena,1,0,0,3,3,0.0,0.3596,0.0005
Liriope Tetraphylla,1,0,96,4,100,814.2,0.4606,0.002
Nemopsis Bachei,1,0,96,4,100,814.2,0.4606,0.002
Rhopilema Verrilli,1,0,98,3,101,791.12,0.4624,0.0021
Balanus Improvisus,1,0,0,7,7,0.0,0.3561,0.0005
Semibalanus Balanoides,1,0,0,5,5,0.0,0.3413,0.0005
Gobiosoma Bosc,1,0,0,9,9,0.0,0.3919,0.0005
Clupea Harengus,1,0,0,4,4,0.0,0.3587,0.0005
Calanus Finmarchicus,1,0,0,1,1,0.0,0.3126,0.0005
Syncleithrium Fusiformis,1,0,2,0,2,0.0,0.262,0.0042
Micropterus Dolomieu,1,0,0,1,1,0.0,0.2077,0.0005
Asterias Forbesi,1,0,59,1,60,61.0,0.388,0.002
Tursiops Truncatus,1,0,56,0,56,0.0,0.4657,0.0732
Acipenser Oxyrhynchus,1,0,67,1,68,7.1,0.3592,0.0014
Acipenser Brevirostrum,1,0,65,1,66,6.7,0.3583,0.0013
Alosa Sapidissima,1,0,97,5,102,219.93,0.4613,0.0024
Alosa Mediocris,1,0,94,2,96,13.76,0.4275,0.0016
Ameiurus Natalis,1,0,105,1,106,12.56,0.4559,0.0027
Ameiurus Catus,1,0,105,1,106,12.56,0.4559,0.0027
Ameiurus Nebulosus,1,0,105,4,109,505.58,0.4624,0.0027
Anguilla Rostrata,1,0,31,2,33,29.26,0.4361,0.0027
Apeltes Quadracus,1,0,32,3,35,113.52,0.3935,0.001
Astroscopus Guttatus,1,0,1,2,3,0.42,0.3552,0.0006
Brevoortia Tyrannus,1,0,0,9,9,0.0,0.3795,0.0005
Carcharhinus Plumbeus,1,0,12,1,13,2.82,0.3935,0.0044
Centropristis Striata,1,0,78,3,81,37.93,0.4441,0.0019
Chasmodes Bosquianus,1,0,98,2,100,103.03,0.4263,0.0024
Cynoscion Regalis,1,0,63,6,69,2250.11,0.4229,0.0164
Cynoscion Nebulosus,1,0,61,1,62,7.2,0.4025,0.0019
Gobiesox Strumosus,1,0,0,2,2,0.0,0.3466,0.0005
Gobiosoma Ginsburgi,1,0,0,3,3,0.0,0.3581,0.0005
Hippocampus Erectus,1,0,122,3,125,66.98,0.4613,0.0017
Hyporhamphus Meeki,1,0,0,1,1,0.0,0.3179,0.0005
Hypsoblennius Hentz,1,0,33,1,34,1.78,0.3572,0.0008
Ictalurus Furcatus,1,0,0,1,1,0.0,0.3179,0.0005
Ictalurus Punctatus,1,0,0,1,1,0.0,0.3179,0.0005
Leiostomus Xanthurus,1,0,95,3,98,118.06,0.4475,0.002
Lepisosteus Osseus,1,0,59,1,60,4.39,0.4323,0.0012
Lepomis Macrochirus,1,0,62,3,65,249.35,0.4448,0.0017
Micropogonias Undulatus,1,0,108,9,117,1183.05,0.4859,0.0021
Morone Americana,1,0,115,3,118,297.0,0.476,0.0026
Opsanus Tau,1,0,0,3,3,0.0,0.3505,0.0005
Paralichthys Dentatus,1,0,6,3,9,7.16,0.3946,0.0012
Pogonias Cromis,1,0,0,1,1,0.0,0.3179,0.0005
Pomatomus Saltatrix,1,0,58,2,60,79.17,0.4444,0.0087
Prionotus Evolans,1,0,0,4,4,0.0,0.3661,0.0005
Rachycentron Canadum,1,0,23,1,24,8.36,0.4183,0.0149
Rhinoptera Bonasus,1,0,0,2,2,0.0,0.3221,0.0005
Sciaenops Ocellatus,1,0,37,1,38,15.54,0.4272,0.0109
Scomber Japonicus,1,0,88,3,91,73.62,0.4479,0.0014
Scomberomorus Cavalla,1,0,4,1,5,1.5,0.3529,0.0012
Scomberomorus Maculatus,1,0,2,2,4,0.0,0.3421,0.0006
Selene Vomer,1,0,83,3,86,51.83,0.4472,0.0019
Sphoeroides Maculatus,1,0,135,1,136,14.95,0.4668,0.0031
Strongylura Marina,1,0,97,1,98,9.55,0.4713,0.0019
Syngnathus Floridae,1,0,151,2,153,60.41,0.4779,0.0037
Syngnathus Fuscus,1,0,67,6,73,391.9,0.4559,0.0018
Tautoga Onitis,1,0,50,2,52,22.02,0.3938,0.0016
Trinectes Maculatus,1,0,20,4,24,11.7,0.3701,0.0007
Alosa Aestivalis,1,0,138,2,140,1036.67,0.4895,0.0026
Alosa Pseudoharengus,1,0,76,3,79,85.65,0.4401,0.0016
Anchoa Hepsetus,1,0,113,3,116,365.73,0.4573,0.0022
Aluterus Schoepfi,1,0,142,0,142,0.0,0.4496,0.0025
Heterosigma Akashiwo,1,0,0,1,1,0.0,0.3196,0.0005
Ammodytes Americanus,1,0,156,4,160,564.99,0.4695,0.0038
Thalassionema Proschkinae,1,0,0,1,1,0.0,0.3196,0.0005
Bairdiella Chrysoura,1,0,36,1,37,3.44,0.3685,0.0009
Caranx Crysos,1,0,141,0,141,0.0,0.4842,0.0056
Caranx Hippos,1,0,48,0,48,0.0,0.418,0.0015
Etrumeus Teres,1,0,81,2,83,93.52,0.4121,0.0014
Raja Eglanteria,1,0,3,3,6,7.5,0.3935,0.0013
Carcharhinus Obscurus,1,0,1,0,1,0.0,0.3235,0.0006
Centrarchus Macropterus,1,0,50,0,50,0.0,0.3812,0.0009
Chaetodipterus Faber,1,0,92,0,92,0.0,0.383,0.0021
Chilomycterus Schoepfi,1,0,79,1,80,18.11,0.4332,0.0024
Leptogorgia Virgulata,1,0,0,1,1,0.0,0.3024,0.0005
Eucinostomus Gula,1,0,184,2,186,140.55,0.4891,0.0032
Lagodon Rhomboides,1,0,48,2,50,91.33,0.4067,0.002
Menidia Menidia,1,0,33,3,36,8.01,0.3819,0.0008
Menticirrhus Americanus,1,0,0,1,1,0.0,0.2974,0.0005
Menticirrhus Saxatilis,1,0,0,1,1,0.0,0.2974,0.0005
Opisthonema Oglinum,1,0,0,3,3,0.0,0.3136,0.0005
Orthopristis Chrysoptera,1,0,87,1,88,117.07,0.4384,0.0022
Peprilus Triacanthus,1,0,0,3,3,0.0,0.3252,0.0005
Synodus Foetens,1,0,13,2,15,765.49,0.3873,0.008
Urophycis Regius,1,0,83,3,86,1266.1,0.4475,0.0026
Cyprinella Spiloptera,1,0,26,1,27,63.1,0.3639,0.0012
Dasyatis Centroura,1,0,45,1,46,11.89,0.3912,0.0021
Diplectrum Bivittatum,1,0,48,2,50,45.56,0.4229,0.0015
Diplectrum Formosum,1,0,88,1,89,29.99,0.4431,0.0065
Microgobius Thalassinus,1,0,0,1,1,0.0,0.3072,0.0005
Monacanthus Hispidus,1,0,0,1,1,0.0,0.3072,0.0005
Prionotus Carolinus,1,0,47,1,48,15.92,0.4232,0.0023
Symphurus Plagiusa,1,0,118,2,120,58.43,0.4458,0.0016
Dorosoma Cepedianum,1,0,83,2,85,108.62,0.416,0.0012
Actinophrys Sol,1,0,0,1,1,0.0,0.291,0.0005
Dorosoma Petenense,1,0,77,0,77,0.0,0.4101,0.002
Elops Saurus,1,0,50,0,50,0.0,0.4198,0.0024
Mugil Cephalus,1,0,76,2,78,129.92,0.4282,0.0016
Engyophrys Senta,1,0,3,1,4,8.47,0.3741,0.0007
Enneacanthus Gloriosus,1,0,50,0,50,0.0,0.3812,0.0009
Erimyzon Oblongus,1,0,91,0,91,0.0,0.4078,0.0016
Etheostoma Olmstedi,1,0,91,1,92,0.5,0.4171,0.0016
Fistularia Tabacaria,1,0,47,0,47,0.0,0.4124,0.0015
Fundulus Heteroclitus,1,0,36,0,36,0.0,0.3616,0.0009
Gambusia Affinis,1,0,38,1,39,13.83,0.393,0.001
Gadus Morhua,1,0,105,2,107,48.33,0.4966,0.0191
Enchelyopus Cimbrius,1,0,0,1,1,0.0,0.332,0.0005
Glyptocephalus Cynoglossus,1,0,0,1,1,0.0,0.332,0.0005
Liparis Liparis,1,0,0,1,1,0.0,0.332,0.0005
Melanogrammus Aeglefinus,1,0,0,1,1,0.0,0.332,0.0005
Pandalus Borealis,1,0,0,1,1,0.0,0.332,0.0005
Pholis Gunnellus,1,0,0,1,1,0.0,0.332,0.0005
Sebastes Marinus,1,0,0,1,1,0.0,0.332,0.0005
Pollachius Virens,1,0,0,1,1,0.0,0.332,0.0005
Gasterosteus Aculeatus,1,0,168,1,169,0.0,0.5233,0.0259
Lepomis Auritus,1,0,14,0,14,0.0,0.3927,0.0009
Lophius Americanus,1,0,68,0,68,0.0,0.4448,0.0203
Myrophis Punctatus,1,0,0,2,2,0.0,0.3157,0.0005
Peprilus Alepidotus,1,0,0,1,1,0.0,0.308,0.0005
Prionotus Tribulus,1,0,0,1,1,0.0,0.308,0.0005
Squalus Acanthias,1,0,84,1,85,21.19,0.4375,0.0038
Lucania Parva,1,0,142,1,143,582.5,0.471,0.0025
Membras Martinica,1,0,83,0,83,0.0,0.403,0.0012
Menidia Beryllina,1,0,83,0,83,0.0,0.403,0.0012
Erichsonella Attenuata,1,0,0,1,1,0.0,0.3324,0.0005
Leucon Americanus,1,0,0,1,1,0.0,0.3324,0.0005
Cyprinodon Variegatus,1,0,0,2,2,0.0,0.3389,0.0005
Fundulus Majalis,1,0,0,1,1,0.0,0.3324,0.0005
Notropis Hudsonius,1,0,0,1,1,0.0,0.3324,0.0005
Molgula Manhattensis,1,0,0,2,2,0.0,0.3384,0.0005
Diastylis Quadrispinosa,1,0,0,1,1,0.0,0.2975,0.0005
Carcinus Maenas,1,0,0,2,2,0.0,0.3152,0.0005
Homarus Americanus,1,0,0,1,1,0.0,0.2975,0.0005
Pseudopleuronectes Americanus,1,0,106,0,106,0.0,0.4545,0.0034
Mustelus Canis,1,0,0,1,1,0.0,0.2951,0.0005
Ophidion Marginatum,1,0,0,1,1,0.0,0.2951,0.0005
Scophthalmus Aquosus,1,0,142,1,143,52.46,0.4555,0.0025
Bugula Neritina,1,0,0,1,1,0.0,0.2995,0.0005
Mellita Quinquiesperforata,1,0,0,1,1,0.0,0.2995,0.0005
Selar Crumenophthalmus,1,0,0,1,1,0.0,0.2609,0.0005
Mullus Auratus,1,0,140,2,142,161.22,0.4653,0.0031
Portunus Spinicarpus,1,0,0,1,1,0.0,0.2786,0.0005
Squatina Dumeril,1,0,19,0,19,0.0,0.386,0.0182
Rhomboplites Aurorubens,1,0,0,1,1,0.0,0.2786,0.0005
Syacium Papillosum,1,0,140,1,141,35.89,0.4613,0.0031
Synagrops Bellus,1,0,0,1,1,0.0,0.2786,0.0005
Trachurus Lathami,1,0,134,2,136,98.05,0.4229,0.0028
Upeneus Parvus,1,0,140,2,142,104.37,0.4624,0.0031
Haemulon Aurolineatum,1,0,0,1,1,0.0,0.2793,0.0005
Pristipomoides Aquilonaris,1,0,0,1,1,0.0,0.2793,0.0005
Trichiurus Lepturus,1,0,61,2,63,137.49,0.407,0.003
Trachinotus Falcatus,1,0,138,0,138,0.0,0.4602,0.003
Esox Lucius,1,0,7,0,7,0.0,0.3732,0.0057
Lota Lota,1,0,0,1,1,0.0,0.2719,0.0005
Esox Masquinongy,1,0,6,0,6,0.0,0.3703,0.0036
Pomoxis Nigromaculatus,1,0,0,1,1,0.0,0.2704,0.0005
Melanitta Perspicillata,1,0,2,0,2,0.0,0.299,0.0005
Cancer Borealis,1,0,129,0,129,0.0,0.4534,0.0037
Echinarachnius Parma,1,0,0,1,1,0.0,0.3121,0.0005
